123,title,text,label
8476,You Can Smell HillaryÉ??s Fear,"Daniel Greenfield, a Shillman Journalism Fellow at the Freedom Center, is a New York writer focusing on radical Islam. 
In the final stretch of the election, Hillary Rodham Clinton has gone to war with the FBI. 
The word É??unprecedentedÉ?ù has been thrown around so often this election that it ought to be retired. But itÉ??s still unprecedented for the nominee of a major political party to go war with the FBI. 
But thatÉ??s exactly what Hillary and her people have done. Coma patients just waking up now and watching an hour of CNN from their hospital beds would assume that FBI Director James Comey is HillaryÉ??s opponent in this election. 
The FBI is under attack by everyone from Obama to CNN. HillaryÉ??s people have circulated a letter attacking Comey. There are currently more media hit pieces lambasting him than targeting Trump. It wouldnÉ??t be too surprising if the Clintons or their allies were to start running attack ads against the FBI. 
The FBIÉ??s leadership is being warned that the entire left-wing establishment will form a lynch mob if they continue going after Hillary. And the FBIÉ??s credibility is being attacked by the media and the Democrats to preemptively head off the results of the investigation of the Clinton Foundation and Hillary Clinton. 
The covert struggle between FBI agents and ObamaÉ??s DOJ people has gone explosively public. 
The New York Times has compared Comey to J. Edgar Hoover. Its bizarre headline, É??James Comey Role Recalls HooverÉ??s FBI, Fairly or NotÉ?ù practically admits up front that itÉ??s spouting nonsense. The Boston Globe has published a column calling for ComeyÉ??s resignation. Not to be outdone, Time has an editorial claiming that the scandal is really an attack on all women. 
James Carville appeared on MSNBC to remind everyone that he was still alive and insane. He accused Comey of coordinating with House Republicans and the KGB. And you thought the É??vast right wing conspiracyÉ?ù was a stretch. 
Countless media stories charge Comey with violating procedure. Do you know whatÉ??s a procedural violation? Emailing classified information stored on your bathroom server. 
Senator Harry Reid has sent Comey a letter accusing him of violating the Hatch Act. The Hatch Act is a nice idea that has as much relevance in the age of Obama as the Tenth Amendment. But the cable news spectrum quickly filled with media hacks glancing at the Wikipedia article on the Hatch Act under the table while accusing the FBI director of one of the most awkward conspiracies against Hillary ever. 
If James Comey is really out to hurt Hillary, he picked one hell of a strange way to do it. 
Not too long ago Democrats were breathing a sigh of relief when he gave Hillary Clinton a pass in a prominent public statement. If he really were out to elect Trump by keeping the email scandal going, why did he trash the investigation? Was he on the payroll of House Republicans and the KGB back then and playing it coy or was it a sudden development where Vladimir Putin and Paul Ryan talked him into taking a look at Anthony WeinerÉ??s computer? 
Either Comey is the most cunning FBI director that ever lived or heÉ??s just awkwardly trying to navigate a political mess that has trapped him between a DOJ leadership whose political futures are tied to HillaryÉ??s victory and his own bureau whose apolitical agents just want to be allowed to do their jobs. 
The only truly mysterious thing is why Hillary and her associates decided to go to war with a respected Federal agency. Most Americans like the FBI while Hillary Clinton enjoys a 60% unfavorable rating. 
And itÉ??s an interesting question. 
HillaryÉ??s old strategy was to lie and deny that the FBI even had a criminal investigation underway. Instead her associates insisted that it was a security review. The FBI corrected her and she shrugged it off. But the old breezy denial approach has given way to a savage assault on the FBI. 
Pretending that nothing was wrong was a bad strategy, but it was a better one that picking a fight with the FBI while lunatic Clinton associates try to claim that the FBI is really the KGB. 
There are two possible explanations. 
Hillary Clinton might be arrogant enough to lash out at the FBI now that she believes that victory is near. The same kind of hubris that led her to plan her victory fireworks display could lead her to declare a war on the FBI for irritating her during the final miles of her campaign. 
But the other explanation is that her people panicked. 
Going to war with the FBI is not the behavior of a smart and focused presidential campaign. ItÉ??s an act of desperation. When a presidential candidate decides that her only option is to try and destroy the credibility of the FBI, thatÉ??s not hubris, itÉ??s fear of what the FBI might be about to reveal about her. 
During the original FBI investigation, Hillary Clinton was confident that she could ride it out. And she had good reason for believing that. But that Hillary Clinton is gone. In her place is a paranoid wreck. Within a short space of time the É??positiveÉ?ù Clinton campaign promising to unite the country has been replaced by a desperate and flailing operation that has focused all its energy on fighting the FBI. 
ThereÉ??s only one reason for such bizarre behavior. 
The Clinton campaign has decided that an FBI investigation of the latest batch of emails poses a threat to its survival. And so itÉ??s gone all in on fighting the FBI. ItÉ??s an unprecedented step born of fear. ItÉ??s hard to know whether that fear is justified. But the existence of that fear already tells us a whole lot. 
Clinton loyalists rigged the old investigation. They knew the outcome ahead of time as well as they knew the debate questions. Now suddenly they are no longer in control. And they are afraid. 
You can smell the fear. 
The FBI has wiretaps from the investigation of the Clinton Foundation. ItÉ??s finding new emails all the time. And Clintonworld panicked. The spinmeisters of Clintonworld have claimed that the email scandal is just so much smoke without fire. All thatÉ??s here is the appearance of impropriety without any of the substance. But this isnÉ??t how you react to smoke. ItÉ??s how you respond to a fire. 
The misguided assault on the FBI tells us that Hillary Clinton and her allies are afraid of a revelation bigger than the fundamental illegality of her email setup. The email setup was a preemptive cover up. The Clinton campaign has panicked badly out of the belief, right or wrong, that whatever crime the illegal setup was meant to cover up is at risk of being exposed. 
The Clintons have weathered countless scandals over the years. Whatever they are protecting this time around is bigger than the usual corruption, bribery, sexual assaults and abuses of power that have followed them around throughout the years. This is bigger and more damaging than any of the allegations that have already come out. And they donÉ??t want FBI investigators anywhere near it. 
The campaign against Comey is pure intimidation. ItÉ??s also a warning. Any senior FBI people who value their careers are being warned to stay away. The Democrats are closing ranks around their nominee against the FBI. ItÉ??s an ugly and unprecedented scene. It may also be their last stand. 
Hillary Clinton has awkwardly wound her way through numerous scandals in just this election cycle. But sheÉ??s never shown fear or desperation before. Now that has changed. Whatever she is afraid of, it lies buried in her emails with Huma Abedin. And it can bring her down like nothing else has.  ",FAKE
10294,Watch The Exact Moment Paul Ryan Committed Political Suicide At A Trump Rally (VIDEO),"Google Pinterest Digg Linkedin Reddit Stumbleupon Print Delicious Pocket Tumblr 
There are two fundamental truths in this world: Paul Ryan desperately wants to be president. And Paul Ryan will never be president. Today proved it. 
In a particularly staggering example of political cowardice, Paul Ryan re-re-re-reversed course and announced that he was back on the Trump Train after all. This was an aboutface from where he was a few weeks ago. He had previously declared he would not be supporting or defending Trump after a tape was made public in which Trump bragged about assaulting women. Suddenly, Ryan was appearing at a pro-Trump rally and boldly declaring that he already sent in his vote to make him President of the United States. It was a surreal moment. The figurehead of the Republican Party dosed himself in gasoline, got up on a stage on a chilly afternoon in Wisconsin, and lit a match. . @SpeakerRyan says he voted for @realDonaldTrump : É??Republicans, it is time to come homeÉ?ù https://t.co/VyTT49YvoE pic.twitter.com/wCvSCg4a5I 
É?? ABC News Politics (@ABCPolitics) November 5, 2016 
The Democratic Party couldnÉ??t have asked for a better moment of film. RyanÉ??s chances of ever becoming president went down to zero in an instant. In the wreckage Trump is to leave behind in his wake, those who cravenly backed his campaign will not recover. If RyanÉ??s career manages to limp all the way to 2020, then the DNC will have this tape locked and loaded to be used in every ad until Election Day. 
The ringing endorsement of the man he clearly hates on a personal level speaks volumes about his own spinelessness. Ryan has postured himself as a É??principledÉ?ù conservative, and one uncomfortable with TrumpÉ??s unapologetic bigotry and sexism. However, when push came to shove, Paul Ryan É?? like many of his colleagues É?? turned into a sniveling appeaser. After all his lofty tak about conviction, his principles were a house of cards and collapsed with the slightest breeze. 
WhatÉ??s especially bizarre is how close Ryan came to making it through unscathed. For months the Speaker of the House refused to comment on Trump at all. His strategy seemed to be to keep his head down, pretend Trump didnÉ??t exist, and hope that nobody remembered what happened in 2016. Now, just days away from the election, he screwed it all up. 
If 2016É??s very ugly election has done any good itÉ??s by exposing the utter cowardice of the Republicans who once feigned moral courage. A reality television star spit on them, hijacked their party, insulted their wives, and got every last one of them to kneel before him. What a turn of events. 
Featured image via Twitter",FAKE
3608,Kerry to go to Paris in gesture of sympathy,"U.S. Secretary of State John F. Kerry said Monday that he will stop in Paris later this week, amid criticism that no top American officials attended SundayÉ??s unity march against terrorism.

Kerry said he expects to arrive in Paris Thursday evening, as he heads home after a week abroad. He said he will fly to France at the conclusion of a series of meetings scheduled for Thursday in Sofia, Bulgaria. He plans to meet the next day with Foreign Minister Laurent Fabius and President Francois Hollande, then return to Washington.

The visit by Kerry, who has family and childhood ties to the country and speaks fluent French, could address some of the criticism that the United States snubbed France in its darkest hour in many years.

The French press on Monday was filled with questions about why neither President Obama nor Kerry attended SundayÉ??s march, as about 40 leaders of other nations did. Obama was said to have stayed away because his own security needs can be taxing on a country, and Kerry had prior commitments.

Among roughly 40 leaders who did attend was Israeli Prime Minister Benjamin Netanyahu, no stranger to intense security, who marched beside Hollande through the city streets. The highest ranking U.S. officials attending the march were Jane Hartley, the ambassador to France, and Victoria Nuland, the assistant secretary of state for European affairs. Attorney General Eric H. Holder Jr. was in Paris for meetings with law enforcement officials but did not participate in the march.

Kerry spent Sunday at a business summit hosted by IndiaÉ??s prime minister, Narendra Modi. The United States is eager for India to relax stringent laws that function as barriers to foreign investment and hopes ModiÉ??s government will act to open the huge Indian market for more American businesses.

In a news conference, Kerry brushed aside criticism that the United States had not sent a more senior official to Paris as É??quibbling a little bit.É?ù He noted that many staffers of the American Embassy in Paris attended the march, including the ambassador. He said he had wanted to be present at the march himself but could not because of his prior commitments in India.

É??But that is why I am going there on the way home, to make it crystal clear how passionately we feel about the events that have taken place there,É?ù he said.

É??And I donÉ??t think the people of France have any doubts about AmericaÉ??s understanding of what happened, of our personal sense of loss and our deep commitment to the people of France in this moment of trauma.É?ù",REAL
10142,Bernie supporters on Twitter erupt in anger against the DNC: 'We tried to warn you!',"É?? Kaydee King (@KaydeeKing) November 9, 2016 The lesson from tonight's Dem losses: Time for Democrats to start listening to the voters. Stop running the same establishment candidates. 
É?? People For Bernie (@People4Bernie) November 9, 2016 If Dems didn't want a tight race they shouldn't have worked against Bernie. 
É?? Walker Bragman (@WalkerBragman) November 9, 2016 
New York Times columnist Paul Krugman, who was one of Hillary ClintonÉ??s most outspoken surrogates during the contentious Democratic primary, blamed ClintonÉ??s poor performance on Green Party candidate Jill Stein, who has so far received a negligible number of votes nationally, saying Stein was the Ralph Nader of 2016 in preventing a Clinton victory. The account @BerniesTeachers threw KrugmanÉ??s analysis back in his face. Your candidate was the issue. Take responsibility. https://t.co/KHyOuUSrFS 
É?? Teachers for Bernie (@BerniesTeachers) November 9, 2016 
Ana Navarro, a Republican who recently endorsed Hillary Clinton, summed up the preposterous nature of the 2016 presidential election in this tweet: GOP nominated the only damn candidate who could lose to Hillary Clinton. Democrats nominated the only damn candidate who could lose to Trump 
É?? Ana Navarro (@ananavarro) November 9, 2016 
Popular left-wing Facebook page The Other 98%, which was pro-Sanders during the primary, responded to TrumpÉ??s surge by simply posting a meme of SandersÉ?? face with the text É??All this couldÉ??ve been avoided. Thanks for nothing, DNC!É?ù The meme has been shared almost 15,000 times in less than an hour: 
Posted by The Other 98% on Tuesday, November 8, 2016 
While Bernie Sanders endorsed Hillary Clinton just before the Democratic National Convention in July, many of his supporters remained adamant in their refusal to support the DNC-anointed candidate, pointing to WikiLeaksÉ?? revelations that top officials at the DNC had been working behind the scenes to tip the scales in ClintonÉ??s favor by coordinating with media figures to circulate anti-Sanders narratives. 
Rather than attribute a potential Trump presidency to the GOP nomineeÉ??s perceived popularity among voters, the closeness of this election could be credited to Hillary ClintonÉ??s unfavorable ratings. According to RealClearPolitics, anywhere between 51 and 57 percent of voters had a negative opinion of the Democratic nominee. 
As of 11 PM Eastern, Florida, Michigan, Pennsylvania, and Wisconsin remain too close to call. Clinton has 197 electoral votes to TrumpÉ??s 187. 

Zach Cartwright is an activist and author from Richmond, Virginia. He enjoys writing about politics, government, and the media. Send him an email at [email protected]",FAKE
875,The Battle of New York: Why This Primary Matters,"It's primary day in New York and front-runners Hillary Clinton and Donald Trump are leading in the polls.

Trump is now vowing to win enough delegates to clinch the Republican nomination and prevent a contested convention. But Sens.Ted Cruz, R-Texas, Bernie Sanders, D-Vt., and Ohio Gov. John Kasich and aren't giving up just yet.

A big win in New York could tip the scales for both the Republican and Democratic front-runners in this year's race for the White House. Clinton and Trump have each suffered losses in recent contests, shifting the momentum to their rivals.

""We have won eight out of the last nine caucuses and primaries! Cheer!"" Sanders recently told supporters.

While wins in New York for Trump and Clinton are expected, the margins of those victories are also important.

Trump needs to capture more than 50 percent of the vote statewide if he wants to be positioned to win all of the state's 95 GOP delegates. That would put him one step closer to avoiding a contested convention.

""We've got to vote and you know Cruz is way, way down in the polls,"" Trump urged supporters.

Meanwhile, Sanders is hoping for a close race in the Empire State. A loss by 10 points means he'll need to win 80 percent of the remaining delegates to clinch the nomination.

Despite a predicted loss in New York, Cruz hasn't lost momentum. He's hoping to sweep up more delegates this weekend while he's talking about how he can win in November.

""Because if I'm the nominee, we win the General Election,"" Cruz promised his supporters. ""We're beating Hillary in the key swing states, we're beating Hillary with Independents, we're beating Hillary with young people.""

For now, Cruz, Kasich, and Sanders have all moved on from New York to other states. Trump and Clinton are the only two staying in their home state to watch the results come in.",REAL
6903,"Tehran, USA","  
IÉ??m not an immigrant, but my grandparents are. More than 50 years ago, they arrived in New York City from Iran. I grew up mainly in central New Jersey, an American kid playing little league for the Raritan Red Sox and soccer for the Raritan Rovers. In 1985, I travelled with my family to our ancestral land. I was only eight, but old enough to understand that the Iranians had lost their liberty and freedom. I saw the abject despair of a people who, in a desperate attempt to bring about change, had ushered in nationalist tyrants led by Ayatollah Khomeini. 
What I witnessed during that year in Iran changed the course of my life. In 1996, at age 19, wanting to help preserve the blessings of liberty and freedom we enjoy in America, I enlisted in the U.S. Navy. Now, with the rise of Donald Trump and his nationalist alt-right movement, IÉ??ve come to feel that the values I sought to protect are in jeopardy. 
In Iran, theocratic fundmentalists sowed division and hatred of outsiders É?? of Westerners, Christians, and other religious minorities. Here in America, the right wing seems to have stolen passages directly from their playbook as it spreads hatred of immigrants, particularly Muslim ones. This form of nationalistic bigotry É?? Islamophobia É?? threatens the heart of our nation. When I chose to serve in the military, I did so to protect what I viewed as our sacred foundational values of liberty, equality, and democracy. Now, 20 years later, IÉ??ve joined forces with fellow veterans to again fight for those sacred values, this time right here at home. 
É??Death to America!É?ù 
As a child, I sat in my class at the international school one sunny morning and heard in the distance the faint sounds of gunfire and rising chants of É??Death to America!É?ù That day would define the rest of my life. 
It was Tehran, the capital of Iran, in 1985. I was attending a unique school for bilingual students who had been born in Western nations. It had become the last refuge in that city with any tolerance for Western teaching, but that also made it a target for military fundamentalists. As the gunfire drew closer, I heard boots pounding the marble tiles outside, marching into our building, and thundering down the corridor toward my classroom. As I heard voices chanting É??Death to America!É?ù I remember wondering if I would survive to see my parents again. 
In a flash of green and black uniforms, those soldiers rushed into our classroom, grabbed us by our shirt collars, and yelled at us to get outside. We were then packed into the schoolÉ??s courtyard where a soldier pointed his rifle at our group and commanded us to look up. Almost in unison, my classmates and I raised our eyes and saw the flags of our many nations being torn down and dangled from the balcony, then set ablaze and tossed, still burning, into the courtyard. As those flags floated to the ground in flames, the soldiers fired their guns in the air. Shouting, they ordered us É?? if we ever wanted to see our families again É?? to swear allegiance to the Grand Ayatollah Khomeini and trample on the remains of the burning symbols of our home countries. I scanned the smoke that was filling the courtyard for my friends and classmates and, horrified, watched them capitulate and begin to chant, É??Death to America!É?ù as they stomped on our sacred symbols. 
I was so angry that, young as I was, I began to plead with them to come to their senses. No one paid the slightest attention to an eight year old and yet, for the first time in my life, I felt something like righteous indignation. I suspect that, born and raised in America, I was already imbued with such a sense of privilege that I just couldnÉ??t fathom the immense danger I was in. Certainly, I was acting in ways no native Iranian would have found reasonable. 
Across the smoke-filled courtyard, I saw a soldier coming at me and knew he meant to force me to submit. I spotted an American flag still burning, dropped to my knees, and grabbed the charred pieces from underneath a classmateÉ??s feet. As the soldier closed in on me, I ducked and ran, still clutching my charred pieces of flag into a crowd of civilians who had gathered to witness the commotion. The events of that day would come to define all that I have ever stood for É?? or against. 
É??Camel Jockey,É?ù É??Ayatollah,É?ù and É??GandhiÉ?ù 
My parents and I soon returned to the United States and I entered third grade. More than anything, I just wanted to be normal, to fit in and be accepted by my peers. Unfortunately, my first name, Nader (which I changed to Nate upon joining the Navy), and my swarthy Middle Eastern appearance, were little help on that score, eliciting regular jibes from my classmates. Even at that young age, they had already mastered a veritable thesaurus of ethnic defamation, including É??camel jockey,É?ù É??sand-nigger,É?ù É??raghead,É?ù É??ayatollah,É?ù and ironically, É??GandhiÉ?ù (which I now take as a compliment). My classmates regularly sought to É??other-izeÉ?ù me in those years, as if I were a lesser American because of my faith and ethnicity. 
Yet I remember that tingling in my chest when I first donned my Cub Scout uniform É?? all because of the American flag patch on its shoulder. Something felt so good about wearing it, a feeling I still had when I joined the military. It seems that the flag I tried to rescue in Tehran was stapled to my heart, or thatÉ??s how I felt anyway as I wore my countryÉ??s uniform. 
When I took my oath of enlistment in the U.S. Navy, I gave my mom a camera and asked her to take some photos, but she was so overwhelmed with pride and joy that she cried throughout the ceremony and managed to snap only a few images of the carpet. She cried even harder when I was selected to serve as the first Muslim-American member of the U.S. Navy Presidential Ceremonial Honor Guard . On that day, I was proud, too, and all the taunts of those bullies of my childhood seemed finally silenced. 
Being tormented because of my ethnicity and religion in those early years had another effect on me. It caused me to become unusually sensitive to the nature of other people. Somehow, I grasped that, if it werenÉ??t for a fear of the unknown, there was an inherent goodness and frail humanity lurking in many of the kids who bullied and harassed me. Often, I discovered, those same bullies could be tremendously kind to their families, friends, or even strangers. I realized, then, that if, despite everything, I could lay myself bare and trust them enough to reach out in kindness, I might in turn gain their trust and they might then see me, too, and stop operating from such a place of fear and hate. 
Through patience, humor, and understanding, I was able to offer myself as the embodiment of my people and somehow defang the É??othernessÉ?ù of so much that Americans found scary. To this day, I have friends from elementary school, middle school, high school, and the military who tell me that I am the only Muslim they have ever known and that, had they not met me, their perspective on Islam would have been wholly subject to the prevailing fear-based narrative that has poisoned this country since September 11, 2001. 
In 1998, I became special assistant to the Master Chief Petty Officer of the Navy and then, in 1999, I was recruited to serve at the Defense Intelligence Agency. In August 2000, I transferred to the Naval Reserve. 
In the wake of 9/11, I began to observe how so many of my fellow Americans were adopting a fundamentalist É??us vs. themÉ?ù attitude towards Muslims and Islam. I suddenly found myself in an America where the scattered insults I had endured as a child took on an overarching and sinister meaning and form, where they became something like an ideology and way of life. 
By the time I completed my military service in 2006, I had begun to understand that our policies in the Middle East,similarly disturbed, seemed in pursuit of little more than perpetual warfare. That, in turn, was made possible by the creation of a new enemy: Islam É?? or rather of a portrait, painted by the powers-that-be, of Islam as a terror religion, as a hooded villain lurking out there somewhere in the desert, waiting to destroy us. I knew that attempting to dispel, through the patient approach of my childhood, the kind of Islamophobia that now had the country by the throat was not going to be enough. Post-9/11 attacks on Muslims in the U.S. and elsewhere were not merely childish taunts. 
For the first time in my life, in a country gripped by fear, I believed I was witnessing a shift, en masse, toward an American fundamentalism and ultra-nationalism that reflected a wanton lack of reason, not to mention fact. As a boy in Iran, I had witnessed the dark destination down which such a path could take a country. Now, it seemed to me, in AmericaÉ??s quest to escape the very demons we had sown by our own misadventures in the Middle East, and forsaking the hallmarks of our founding, we risked becoming everything we sought to defeat. 
The Boy in the Schoolyard Grown Up 
On February 10, 2015, three young American students, Yusor Abu-Salha, Razan Abu-Salha, and Deah Shaddy Barakat, were executed at an apartment complex in Chapel Hill, North Carolina. The killer was a gun-crazy white man filled with hate and described by his own daughter as É??a monster.É?ù Those assassinations struck a special chord of sorrow and loss in me. My mom and I cried and prayed together for those students and their families. 
The incident in Chapel Hill also awoke in me some version of the righteous indignation I had felt so many years earlier in that smoke-filled courtyard in Iran. I would be damned if I stood by while kids in my country were murdered simply because of their faith. It violated every word of the oath I had taken when I joined the military and desecrated every value I held in my heart as a sacred tenet of our nation. White nationalists and bigots had, by then, thrown down the gauntlet for so much of this, using Islamophobia to trigger targeted assassinations in the United States. This was terrorism, pure and simple, inspired by hate-speakers here at home. 
At that moment, I reached out to fellow veterans who, I thought, might be willing to help É?? and itÉ??s true what they say about soul mates being irrevocably drawn to each other. When I contacted Veterans For Peace , an organization dedicated to exposing the costs of war and militarism, I found the leadership well aware of the inherent dangers of Islamophobia and of the need to confront this new enemy. So Executive Director Michael McPhearson formed a committee of vets from around the country to decide how those of us who had donned uniforms to defend this land could best battle the phenomenon É?? and I, of course, joined it. 
From that committee emerged Veterans Challenge Islamophobia (VCI). It now has organizers in Arizona, Georgia, New Jersey, and Texas, and thatÉ??s just a beginning. Totally nonpartisan, VCI focuses on politicians of any party who engage in hate speech. WeÉ??ve met with leaders of American Muslim communities, sat with them through Ramadan, and attended their Iftar dinners to break our fasts together. In the wake of the Orlando shooting , we at VCI also mobilized to fight back against attempts to pit the Muslim community against the LGBTQ+ community. 
Our group was born of the belief that, as American military veterans, we had a responsibility to call out bigotry, hatred, and the perpetuation of endless warfare. We want the American Muslim community to know that they have allies, and that those allies are indeed veterans as well. We stand with them and for them and, for those of us who are Muslim, among them. 
Nationalism and xenophobia have no place in American life, and I, for my part, donÉ??t think Donald Trump or anyone like him should be able to peddle Islamophobia in an attempt to undermine our national unity. Without Islamophobia, there no longer exists a É??clash of civilizations.É?ù Without Islamophobia, whatever the problems in the world may be, there is no longer an É??us vs. themÉ?ù and itÉ??s possible to begin reimagining a world of something other than perpetual war. 
As of now, this remains the struggle of my life, for despite my intense love for America, some of my countrymen increasingly see American Muslims as the É??other,É?ù the enemy. 
My Mom taught me as a boy that the only thing that mattered was what was in my heart. Now, with her in mind and as a representative of VCI, when I meet fellow Americans I always remember my childhood experiences with my bullying peers. And I still lay myself bare, as I did then. I give trust to gain trust, but always knowing that these days this isnÉ??t just a matter of niceties. ItÉ??s a question of life or death. ItÉ??s part of a battle for the soul of our nation. 
In many ways, I still consider myself that boy in the school courtyard in Tehran trying to rescue charred pieces of that flag from those trampling feet. ItÉ??s just that now IÉ??m doing it in my own country. 
Nate Terani is a veteran of the U.S. Navy and served in military intelligence with the Defense Intelligence Agency. He is currently a member of the leadership team at Common Defense PAC and regional campaign organizer with Veterans Challenge Islamophobia . He is a featured columnist with the Arizona Muslim Voice newspaper. (Reprinted from TomDispatch by permission of author or representative)",FAKE
